1,"$203,009 ","02468 / 5,374",,02468,2468,42.32,-71.23,,"$203,009 ",02468,42.32,-71.23
2,"$201,200 ","02493 / 11,704",,02493,2493,42.36,-71.3,,"$201,200 ",02493,42.36,-71.3
3,"$184,107 ",01467 / 440,,01467,1467,42.49,-71.61,,"$184,107 ",01467,42.49,-71.61
4,"$177,083 ","02481 / 16,320",,02481,2481,42.31,-71.27,,"$177,083 ",02481,42.31,-71.27
5,"$176,250 ","02030 / 5,727",,02030,2030,42.24,-71.27,,"$176,250 ",02030,42.24,-71.27
6,"$169,505 ","01776 / 18,197",,01776,1776,42.36,-71.4,,"$169,505 ",01776,42.36,-71.4
7,"$157,500 ","01741 / 4,967",,01741,1741,42.53,-71.35,,"$157,500 ",01741,42.53,-71.35
8,"$155,952 ","01772 / 9,560",,01772,1772,42.3,-71.51,,"$155,952 ",01772,42.3,-71.51
9,"$155,564 ","01770 / 4,200",,01770,1770,42.23,-71.36,,"$155,564 ",01770,42.23,-71.36
10,"$144,461 ","01740 / 5,019",,01740,1740,42.43,-71.6,,"$144,461 ",01740,42.43,-71.6
11,"$143,897 ","01773 / 5,367",,01773,1773,42.41,-71.3,,"$143,897 ",01773,42.41,-71.3
12,"$143,682 ","02056 / 11,407",,02056,2056,42.11,-71.31,,"$143,682 ",02056,42.11,-71.31
13,"$143,641 ","02052 / 12,236",,02052,2052,42.18,-71.3,,"$143,641 ",02052,42.18,-71.3
14,"$141,829 ","01890 / 21,863",,01890,1890,42.45,-71.14,,"$141,829 ",01890,42.45,-71.14
15,"$141,083 ","01778 / 13,421",,01778,1778,42.36,-71.36,,"$141,083 ",01778,42.36,-71.36
16,"$139,811 ","02482 / 11,204",,02482,2482,42.29,-71.3,,"$139,811 ",02482,42.29,-71.3
17,"$138,734 ","02492 / 20,163",,02492,2492,42.28,-71.24,,"$138,734 ",02492,42.28,-71.24
18,"$138,202 ","02421 / 18,359",,02421,2421,42.44,-71.23,,"$138,202 ",02421,42.44,-71.23
19,"$137,109 ","02420 / 13,947",,02420,2420,42.46,-71.22,,"$137,109 ",02420,42.46,-71.22
20,"$135,685 ","02459 / 18,519",,02459,2459,42.31,-71.19,,"$135,685 ",02459,42.31,-71.19
21,"$135,357 ","01451 / 4,841",,01451,1451,42.5,-71.58,,"$135,357 ",01451,42.5,-71.58
22,"$135,179 ",01718 / 303,,01718,1718,42.52,-71.43,,"$135,179 ",01718,42.52,-71.43
23,"$132,736 ","01742 / 18,948",,01742,1742,42.45,-71.35,,"$132,736 ",01742,42.45,-71.35
24,"$132,697 ",02641 / 222,,02641,2641,41.75,-70.15,,"$132,697 ",02641,41.75,-70.15
25,"$131,853 ","02465 / 11,499",,02465,2465,42.35,-71.22,,"$131,853 ",02465,42.35,-71.22
26,"$131,500 ","01775 / 6,841",,01775,1775,42.43,-71.5,,"$131,500 ",01775,42.43,-71.5
27,"$131,125 ","02461 / 7,099",,02461,2461,42.32,-71.21,,"$131,125 ",02461,42.32,-71.21
28,"$128,813 ","02090 / 14,809",,02090,2090,42.21,-71.21,,"$128,813 ",02090,42.21,-71.21
29,"$128,267 ","01748 / 15,604",,01748,1748,42.22,-71.52,,"$128,267 ",01748,42.22,-71.52
30,"$127,813 ","01921 / 8,105",,01921,1921,42.67,-70.98,,"$127,813 ",01921,42.67,-70.98
31,"$126,773 ","02067 / 17,703",,02067,2067,42.11,-71.18,,"$126,773 ",02067,42.11,-71.18
32,"$125,321 ","01810 / 34,251",,01810,1810,42.65,-71.14,,"$125,321 ",01810,42.65,-71.14
33,"$125,143 ","01886 / 22,854",,01886,1886,42.58,-71.43,,"$125,143 ",01886,42.58,-71.43
34,"$124,659 ",02647 / 108,,02647,2647,41.63,-70.31,,"$124,659 ",02647,41.63,-70.31
35,"$122,969 ","01985 / 4,370",,01985,1985,42.8,-71,,"$122,969 ",01985,42.8,-71
36,"$121,635 ","02071 / 1,911",,02071,2071,42.1,-71.27,,"$121,635 ",02071,42.1,-71.27
37,"$121,157 ","01983 / 6,286",,01983,1983,42.63,-70.95,,"$121,157 ",01983,42.63,-70.95
38,"$120,253 ","02332 / 15,208",,02332,2332,42.04,-70.67,,"$120,253 ",02332,42.04,-70.67
39,"$119,342 ","01720 / 22,197",,01720,1720,42.48,-71.46,,"$119,342 ",01720,42.48,-71.46
40,"$117,955 ",01745 / 309,,01745,1745,42.29,-71.5,,"$117,955 ",01745,42.29,-71.5
41,"$117,679 ","02025 / 8,100",,02025,2025,42.23,-70.8,,"$117,679 ",02025,42.23,-70.8
42,"$116,875 ","01984 / 5,039",,01984,1984,42.6,-70.88,,"$116,875 ",01984,42.6,-70.88
43,"$116,686 ","01450 / 10,997",,01450,1450,42.6,-71.57,,"$116,686 ",01450,42.6,-71.57
44,"$116,125 ","01827 / 3,299",,01827,1827,42.66,-71.48,,"$116,125 ",01827,42.66,-71.48
45,"$115,208 ","02110 / 1,906",,02110,2110,42.36,-71.05,,"$115,208 ",02110,42.36,-71.05
46,"$114,688 ","01541 / 3,432",,01541,1541,42.45,-71.86,,"$114,688 ",01541,42.45,-71.86
47,"$114,676 ","01730 / 13,709",,01730,1730,42.48,-71.26,,"$114,676 ",01730,42.48,-71.26
48,"$113,622 ","02210 / 1,984",,02210,2210,42.35,-71.04,,"$113,622 ",02210,42.35,-71.04
49,"$113,146 ","02467 / 23,724",,02467,2467,42.31,-71.16,,"$113,146 ",02467,42.31,-71.16
50,"$113,087 ","02186 / 27,204",,02186,2186,42.24,-71.08,,"$113,087 ",02186,42.24,-71.08
51,"$112,419 ","01864 / 15,249",,01864,1864,42.58,-71.08,,"$112,419 ",01864,42.58,-71.08
52,"$112,115 ","02494 / 9,377",,02494,2494,42.3,-71.23,,"$112,115 ",02494,42.3,-71.23
53,"$112,104 ","01756 / 5,895",,01756,1756,42.1,-71.55,,"$112,104 ",01756,42.1,-71.55
54,"$111,806 ","01922 / 2,649",,01922,1922,42.75,-70.93,,"$111,806 ",01922,42.75,-70.93
55,"$111,788 ","01590 / 9,014",,01590,1590,42.15,-71.76,,"$111,788 ",01590,42.15,-71.76
56,"$111,652 ","01460 / 9,157",,01460,1460,42.53,-71.47,,"$111,652 ",01460,42.53,-71.47
57,"$110,781 ","01568 / 7,453",,01568,1568,42.17,-71.61,,"$110,781 ",01568,42.17,-71.61
58,"$110,671 ","02061 / 10,651",,02061,2061,42.16,-70.78,,"$110,671 ",02061,42.16,-70.78
59,"$110,284 ","02199 / 1,359",,02199,2199,42.35,-71.08,,"$110,284 ",02199,42.35,-71.08
60,"$109,841 ","02053 / 12,965",,02053,2053,42.16,-71.43,,"$109,841 ",02053,42.16,-71.43
61,"$109,099 ","01940 / 12,704",,01940,1940,42.53,-71.04,,"$109,099 ",01940,42.53,-71.04
62,"$108,558 ","01982 / 8,098",,01982,1982,42.62,-70.86,,"$108,558 ",01982,42.62,-70.86
63,"$108,350 ","01746 / 14,008",,01746,1746,42.2,-71.43,,"$108,350 ",01746,42.2,-71.43
64,"$107,111 ","01532 / 14,644",,01532,1532,42.31,-71.64,,"$107,111 ",01532,42.31,-71.64
65,"$107,083 ","02763 / 1,602",,02763,2763,41.97,-71.31,,"$107,083 ",02763,41.97,-71.31
66,"$106,989 ","02356 / 12,923",,02356,2356,42.05,-71.1,,"$106,989 ",02356,42.05,-71.1
67,"$106,898 ","01833 / 8,379",,01833,1833,42.73,-70.98,,"$106,898 ",01833,42.73,-70.98
68,"$106,296 ","01106 / 16,077",,01106,1106,42.04,-72.57,,"$106,296 ",01106,42.04,-72.57
69,"$106,172 ","02478 / 25,110",,02478,2478,42.39,-71.18,,"$106,172 ",02478,42.39,-71.18
70,"$105,646 ","01949 / 9,273",,01949,1949,42.6,-71.01,,"$105,646 ",01949,42.6,-71.01
71,"$105,106 ","02466 / 8,973",,02466,2466,42.34,-71.24,,"$105,106 ",02466,42.34,-71.24
72,"$104,472 ","01867 / 24,687",,01867,1867,42.53,-71.1,,"$104,472 ",01867,42.53,-71.1
73,"$104,393 ","02109 / 3,993",,02109,2109,42.37,-71.05,,"$104,393 ",02109,42.37,-71.05
74,"$104,275 ","02066 / 18,002",,02066,2066,42.18,-70.73,,"$104,275 ",02066,42.18,-70.73
75,"$104,014 ","02142 / 3,030",,02142,2142,42.36,-71.08,,"$104,014 ",02142,42.36,-71.08
76,"$103,996 ","01719 / 5,102",,01719,1719,42.5,-71.5,,"$103,996 ",01719,42.5,-71.5
77,"$103,800 ","02460 / 9,591",,02460,2460,42.35,-71.2,,"$103,800 ",02460,42.35,-71.2
78,"$103,693 ",02669 / 287,,02669,2669,41.68,-69.99,,"$103,693 ",02669,41.68,-69.99
79,"$103,411 ","01824 / 25,582",,01824,1824,42.59,-71.36,,"$103,411 ",01824,42.59,-71.36
80,"$103,350 ","02043 / 22,550",,02043,2043,42.23,-70.88,,"$103,350 ",02043,42.23,-70.88
81,"$102,721 ","01721 / 16,985",,01721,1721,42.25,-71.46,,"$102,721 ",01721,42.25,-71.46
82,"$102,614 ","01612 / 4,879",,01612,1612,42.31,-71.93,,"$102,614 ",01612,42.31,-71.93
83,"$102,422 ","01505 / 4,399",,01505,1505,42.35,-71.73,,"$102,422 ",01505,42.35,-71.73
84,"$101,980 ","02038 / 32,393",,02038,2038,42.08,-71.38,,"$101,980 ",02038,42.08,-71.38
85,"$101,863 ","01342 / 1,577",,01342,1342,42.55,-72.6,,"$101,863 ",01342,42.55,-72.6
86,"$101,205 ","01519 / 6,573",,01519,1519,42.2,-71.68,,"$101,205 ",01519,42.2,-71.68
87,"$100,709 ","01945 / 20,163",,01945,1945,42.5,-70.85,,"$100,709 ",01945,42.5,-70.85
88,"$100,552 ","01581 / 18,481",,01581,1581,42.26,-71.61,,"$100,552 ",01581,42.26,-71.61
89,"$100,544 ","01845 / 28,963",,01845,1845,42.7,-71.11,,"$100,544 ",01845,42.7,-71.11
90,"$100,536 ","01887 / 22,907",,01887,1887,42.55,-71.16,,"$100,536 ",01887,42.55,-71.16
91,"$99,886 ","01747 / 5,934",,01747,1747,42.12,-71.54,,"$99,886 ",01747,42.12,-71.54
92,"$99,302 ","02093 / 11,169",,02093,2093,42.06,-71.33,,"$99,302 ",02093,42.06,-71.33
93,"$99,187 ","02108 / 4,049",,02108,2108,42.36,-71.06,,"$99,187 ",02108,42.36,-71.06
94,"$99,172 ","01760 / 34,043",,01760,1760,42.28,-71.35,,"$99,172 ",01760,42.28,-71.35
95,"$98,979 ","01520 / 14,724",,01520,1520,42.35,-71.85,,"$98,979 ",01520,42.35,-71.85
96,"$98,750 ","02339 / 14,120",,02339,2339,42.11,-70.81,,"$98,750 ",02339,42.11,-70.81
97,"$98,305 ","01862 / 10,904",,01862,1862,42.58,-71.3,,"$98,305 ",01862,42.58,-71.3
98,"$97,647 ","02476 / 16,615",,02476,2476,42.41,-71.16,,"$97,647 ",02476,42.41,-71.16
99,"$97,617 ","01545 / 35,818",,01545,1545,42.3,-71.71,,"$97,617 ",01545,42.3,-71.71
100,"$97,222 ","01434 / 1,656",,01434,1434,42.53,-71.61,,"$97,222 ",01434,42.53,-71.61
101,"$96,773 ","02054 / 8,007",,02054,2054,42.16,-71.35,,"$96,773 ",02054,42.16,-71.35
102,"$96,510 ","01907 / 14,123",,01907,1907,42.47,-70.91,,"$96,510 ",01907,42.47,-70.91
103,"$95,895 ","02445 / 20,723",,02445,2445,42.32,-71.14,,"$95,895 ",02445,42.32,-71.14
104,"$95,587 ","01474 / 1,855",,01474,1474,42.66,-71.74,,"$95,587 ",01474,42.66,-71.74
105,"$95,465 ","01803 / 25,190",,01803,1803,42.5,-71.2,,"$95,465 ",01803,42.5,-71.2
106,"$94,538 ","02035 / 17,129",,02035,2035,42.06,-71.24,,"$94,538 ",02035,42.06,-71.24
107,"$94,531 ","01522 / 3,038",,01522,1522,42.38,-71.87,,"$94,531 ",01522,42.38,-71.87
108,"$94,505 ","02367 / 2,840",,02367,2367,41.95,-70.81,,"$94,505 ",02367,41.95,-70.81
109,"$93,776 ","01566 / 6,945",,01566,1566,42.09,-72.06,,"$93,776 ",01566,42.09,-72.06
110,"$93,771 ","02341 / 10,316",,02341,2341,42.06,-70.85,,"$93,771 ",02341,42.06,-70.85
111,"$93,605 ","02116 / 22,229",,02116,2116,42.35,-71.08,,"$93,605 ",02116,42.35,-71.08
112,"$93,108 ","01879 / 11,867",,01879,1879,42.68,-71.41,,"$93,108 ",01879,42.68,-71.41
113,"$93,082 ","02048 / 23,389",,02048,2048,42.02,-71.21,,"$93,082 ",02048,42.02,-71.21
114,"$92,898 ","01834 / 6,805",,01834,1834,42.75,-71.03,,"$92,898 ",01834,42.75,-71.03
115,"$92,656 ","02770 / 5,163",,02770,2770,41.73,-70.81,,"$92,656 ",02770,41.73,-70.81
116,"$92,054 ","02644 / 4,256",,02644,2644,41.68,-70.5,,"$92,054 ",02644,41.68,-70.5
117,"$91,672 ","02458 / 12,093",,02458,2458,42.35,-71.19,,"$91,672 ",02458,42.35,-71.19
118,"$91,605 ","01821 / 31,157",,01821,1821,42.55,-71.26,,"$91,605 ",01821,42.55,-71.26
119,"$91,471 ",01037 / 721,,01037,1037,42.35,-72.2,,"$91,471 ",01037,42.35,-72.2
120,"$91,287 ","01507 / 13,126",,01507,1507,42.13,-71.96,,"$91,287 ",01507,42.13,-71.96
121,"$91,033 ","01543 / 8,188",,01543,1543,42.36,-71.95,,"$91,033 ",01543,42.36,-71.95
122,"$90,969 ","01951 / 4,145",,01951,1951,42.77,-70.85,,"$90,969 ",01951,42.77,-70.85
123,"$90,878 ","02021 / 22,036",,02021,2021,42.15,-71.13,,"$90,878 ",02021,42.15,-71.13
124,"$90,625 ",01264 / 156,,01264,1264,42.24,-73.19,,"$90,625 ",01264,42.24,-73.19
125,"$90,470 ","02081 / 18,855",,02081,2081,42.13,-71.24,,"$90,470 ",02081,42.13,-71.24
126,"$90,455 ","01564 / 7,870",,01564,1564,42.43,-71.75,,"$90,455 ",01564,42.43,-71.75
127,"$90,399 ","02556 / 3,021",,02556,2556,41.64,-70.63,,"$90,399 ",02556,41.64,-70.63
128,"$89,954 ","02359 / 18,006",,02359,2359,42.06,-70.8,,"$89,954 ",02359,42.06,-70.8
129,"$89,808 ","01523 / 7,847",,01523,1523,42.45,-71.66,,"$89,808 ",01523,42.45,-71.66
130,"$89,466 ","02474 / 27,113",,02474,2474,42.42,-71.16,,"$89,466 ",02474,42.42,-71.16
131,"$89,313 ","01944 / 5,247",,01944,1944,42.56,-70.76,,"$89,313 ",01944,42.56,-70.76
132,"$89,185 ","01929 / 3,580",,01929,1929,42.63,-70.77,,"$89,185 ",01929,42.63,-70.77
133,"$88,794 ","01876 / 29,103",,01876,1876,42.61,-71.23,,"$88,794 ",01876,42.61,-71.23
134,"$88,750 ","02050 / 25,543",,02050,2050,42.09,-70.7,,"$88,750 ",02050,42.09,-70.7
135,"$88,681 ","01503 / 2,917",,01503,1503,42.38,-71.63,,"$88,681 ",01503,42.38,-71.63
136,"$88,631 ","02715 / 3,344",,02715,2715,41.82,-71.16,,"$88,631 ",02715,41.82,-71.16
137,"$88,534 ","02333 / 13,996",,02333,2333,42.03,-70.95,,"$88,534 ",02333,42.03,-70.95
138,"$88,498 ","01701 / 31,780",,01701,1701,42.3,-71.43,,"$88,498 ",01701,42.3,-71.43
139,"$88,481 ","02324 / 26,931",,02324,2324,41.98,-70.97,,"$88,481 ",02324,41.98,-70.97
140,"$88,281 ","01529 / 3,208",,01529,1529,42.03,-71.58,,"$88,281 ",01529,42.03,-71.58
141,"$88,242 ",02561 / 496,,02561,2561,41.77,-70.53,,"$88,242 ",02561,41.77,-70.53
142,"$88,125 ","01569 / 13,703",,01569,1569,42.08,-71.6,,"$88,125 ",01569,42.08,-71.6
143,"$87,880 ","02717 / 4,306",,02717,2717,41.75,-70.97,,"$87,880 ",02717,41.75,-70.97
144,"$87,740 ","02702 / 4,651",,02702,2702,41.78,-71.06,,"$87,740 ",02702,41.78,-71.06
145,"$87,500 ","02184 / 36,543",,02184,2184,42.2,-71,,"$87,500 ",02184,42.2,-71
146,"$87,428 ","02464 / 2,868",,02464,2464,42.31,-71.22,,"$87,428 ",02464,42.31,-71.22
147,"$87,417 ","02019 / 16,564",,02019,2019,42.09,-71.47,,"$87,417 ",02019,42.09,-71.47
148,"$87,387 ","02129 / 17,954",,02129,2129,42.38,-71.06,,"$87,387 ",02129,42.38,-71.06
149,"$87,303 ","02668 / 2,708",,02668,2668,41.7,-70.37,,"$87,303 ",02668,41.7,-70.37
150,"$87,273 ","01473 / 7,361",,01473,1473,42.55,-71.9,,"$87,273 ",01473,42.55,-71.9
151,"$86,908 ","01095 / 14,436",,01095,1095,42.13,-72.43,,"$86,908 ",01095,42.13,-72.43
152,"$86,766 ","02554 / 10,154",,02554,2554,41.27,-70.1,,"$86,766 ",02554,41.27,-70.1
153,"$86,695 ","02375 / 9,687",,02375,2375,42.03,-71.1,,"$86,695 ",02375,42.03,-71.1
154,"$86,601 ","02114 / 12,801",,02114,2114,42.36,-71.07,,"$86,601 ",02114,42.36,-71.07
155,"$86,522 ","02472 / 32,943",,02472,2472,42.37,-71.18,,"$86,522 ",02472,42.37,-71.18
156,"$86,409 ","02176 / 27,509",,02176,2176,42.45,-71.05,,"$86,409 ",02176,42.45,-71.05
157,"$86,339 ","02364 / 12,846",,02364,2364,41.99,-70.71,,"$86,339 ",02364,41.99,-70.71
158,"$86,233 ","02132 / 28,791",,02132,2132,42.28,-71.16,,"$86,233 ",02132,42.28,-71.16
159,"$86,023 ","02718 / 6,529",,02718,2718,41.87,-71.01,,"$86,023 ",02718,41.87,-71.01
160,"$85,994 ","01969 / 5,995",,01969,1969,42.72,-70.89,,"$85,994 ",01969,42.72,-70.89
161,"$85,694 ","01880 / 25,460",,01880,1880,42.5,-71.06,,"$85,694 ",01880,42.5,-71.06
162,"$85,691 ","02769 / 11,742",,02769,2769,41.83,-71.26,,"$85,691 ",02769,41.83,-71.26
163,"$85,662 ","01430 / 6,133",,01430,1430,42.63,-71.9,,"$85,662 ",01430,42.63,-71.9
164,"$85,558 ","02026 / 25,111",,02026,2026,42.24,-71.17,,"$85,558 ",02026,42.24,-71.17
165,"$84,423 ","02779 / 6,492",,02779,2779,41.85,-71.08,,"$84,423 ",02779,41.85,-71.08
166,"$84,390 ","01516 / 8,624",,01516,1516,42.05,-71.73,,"$84,390 ",01516,42.05,-71.73
167,"$84,173 ","01028 / 15,917",,01028,1028,42.06,-72.51,,"$84,173 ",01028,42.06,-72.51
168,"$83,917 ","01431 / 3,147",,01431,1431,42.68,-71.81,,"$83,917 ",01431,42.68,-71.81
169,"$83,750 ","01254 / 1,043",,01254,1254,42.37,-73.36,,"$83,750 ",01254,42.37,-73.36
170,"$83,583 ",02564 / 249,,02564,2564,41.27,-70,,"$83,583 ",02564,41.27,-70
171,"$83,500 ","02462 / 1,306",,02462,2462,42.33,-71.26,,"$83,500 ",02462,42.33,-71.26
172,"$83,438 ","01452 / 4,452",,01452,1452,42.48,-72.01,,"$83,438 ",01452,42.48,-72.01
173,"$83,149 ","01950 / 17,662",,01950,1950,42.81,-70.88,,"$83,149 ",01950,42.81,-70.88
174,"$82,950 ","01534 / 6,303",,01534,1534,42.15,-71.65,,"$82,950 ",01534,42.15,-71.65
175,"$82,418 ","02347 / 10,933",,02347,2347,41.85,-70.95,,"$82,418 ",02347,41.85,-70.95
176,"$82,365 ","01010 / 3,667",,01010,1010,42.11,-72.2,,"$82,365 ",01010,42.11,-72.2
177,"$82,238 ","02563 / 9,972",,02563,2563,41.75,-70.49,,"$82,238 ",02563,41.75,-70.49
178,"$82,222 ",01093 / 282,,01093,1093,42.44,-72.65,,"$82,222 ",01093,42.44,-72.65
179,"$81,967 ","01077 / 9,599",,01077,1077,42.05,-72.76,,"$81,967 ",01077,42.05,-72.76
180,"$81,892 ","02537 / 6,301",,02537,2537,41.73,-70.43,,"$81,892 ",02537,41.73,-70.43
181,"$81,667 ",01343 / 72,,01343,1343,42.66,-72.98,,"$81,667 ",01343,42.66,-72.98
182,"$81,573 ","02379 / 6,981",,02379,2379,42.01,-71,,"$81,573 ",02379,42.01,-71
183,"$81,513 ","02032 / 4,103",,02032,2032,42.15,-71.21,,"$81,513 ",02032,42.15,-71.21
184,"$81,500 ","02351 / 16,081",,02351,2351,42.11,-70.95,,"$81,500 ",02351,42.11,-70.95
185,"$81,334 ","02790 / 16,142",,02790,2790,41.66,-71.1,,"$81,334 ",02790,41.66,-71.1
186,"$81,259 ","02760 / 27,177",,02760,2760,41.97,-71.33,,"$81,259 ",02760,41.97,-71.33
187,"$81,258 ","01904 / 18,053",,01904,1904,42.47,-70.96,,"$81,258 ",01904,42.47,-70.96
188,"$81,182 ","02451 / 17,454",,02451,2451,42.38,-71.24,,"$81,182 ",02451,42.38,-71.24
189,"$81,136 ","01531 / 1,109",,01531,1531,42.31,-72.13,,"$81,136 ",01531,42.31,-72.13
190,"$81,120 ","02576 / 5,032",,02576,2576,41.78,-70.75,,"$81,120 ",02576,41.78,-70.75
191,"$81,067 ","02764 / 3,837",,02764,2764,41.85,-71.15,,"$81,067 ",02764,41.85,-71.15
192,"$81,024 ","01469 / 7,328",,01469,1469,42.66,-71.7,,"$81,024 ",01469,42.66,-71.7
193,"$80,806 ","02766 / 19,280",,02766,2766,41.96,-71.18,,"$80,806 ",02766,41.96,-71.18
194,"$80,577 ","01068 / 1,791",,01068,1068,42.35,-72.05,,"$80,577 ",01068,42.35,-72.05
195,"$80,508 ","01860 / 6,536",,01860,1860,42.83,-71,,"$80,508 ",01860,42.83,-71
196,"$80,225 ","02557 / 4,599",,02557,2557,41.45,-70.56,,"$80,225 ",02557,41.45,-70.56
197,"$80,019 ","02767 / 13,588",,02767,2767,41.93,-71.04,,"$80,019 ",02767,41.93,-71.04
198,"$79,963 ","02062 / 28,844",,02062,2062,42.18,-71.19,,"$79,963 ",02062,42.18,-71.19
199,"$79,647 ","01033 / 6,214",,01033,1033,42.26,-72.52,,"$79,647 ",01033,42.26,-72.52
200,"$79,639 ","01036 / 5,141",,01036,1036,42.06,-72.41,,"$79,639 ",01036,42.06,-72.41
201,"$79,435 ","02144 / 24,539",,02144,2144,42.4,-71.12,,"$79,435 ",02144,42.4,-71.12
202,"$79,289 ","02446 / 28,796",,02446,2446,42.34,-71.12,,"$79,289 ",02446,42.34,-71.12
203,"$79,286 ","01341 / 1,583",,01341,1341,42.51,-72.68,,"$79,286 ",01341,42.51,-72.68
204,"$79,252 ","01754 / 10,314",,01754,1754,42.42,-71.45,,"$79,252 ",01754,42.42,-71.45
205,"$79,063 ","01731 / 1,893",,01731,1731,42.46,-71.28,,"$79,063 ",01731,42.46,-71.28
206,"$79,034 ","01801 / 39,315",,01801,1801,42.48,-71.15,,"$79,034 ",01801,42.48,-71.15
207,"$78,750 ","02322 / 4,421",,02322,2322,42.13,-71.05,,"$78,750 ",02322,42.13,-71.05
208,"$78,534 ","02138 / 36,937",,02138,2138,42.38,-71.14,,"$78,534 ",02138,42.38,-71.14
209,"$78,516 ","02762 / 8,581",,02762,2762,42,-71.33,,"$78,516 ",02762,42,-71.33
210,"$78,333 ","01266 / 1,491",,01266,1266,42.31,-73.39,,"$78,333 ",01266,42.31,-73.39
211,"$78,250 ","01560 / 4,565",,01560,1560,42.17,-71.68,,"$78,250 ",01560,42.17,-71.68
212,"$78,216 ","02739 / 6,138",,02739,2739,41.66,-70.8,,"$78,216 ",02739,41.66,-70.8
213,"$78,204 ","02130 / 38,214",,02130,2130,42.3,-71.11,,"$78,204 ",02130,42.3,-71.11
214,"$78,125 ","01054 / 1,836",,01054,1054,42.45,-72.5,,"$78,125 ",01054,42.45,-72.5
215,"$78,080 ",01222 / 811,,01222,1222,42.05,-73.33,,"$78,080 ",01222,42.05,-73.33
216,"$77,945 ","02155 / 59,193",,02155,2155,42.42,-71.1,,"$77,945 ",02155,42.42,-71.1
217,"$77,901 ","01938 / 13,480",,01938,1938,42.67,-70.83,,"$77,901 ",01938,42.67,-70.83
218,"$77,767 ","01463 / 11,782",,01463,1463,42.66,-71.58,,"$77,767 ",01463,42.66,-71.58
219,"$77,471 ","02190 / 16,667",,02190,2190,42.17,-70.95,,"$77,471 ",02190,42.17,-70.95
220,"$77,448 ","01034 / 2,061",,01034,1034,42.06,-72.86,,"$77,448 ",01034,42.06,-72.86
221,"$77,440 ","02045 / 10,324",,02045,2045,42.3,-70.9,,"$77,440 ",02045,42.3,-70.9
222,"$77,434 ","02777 / 15,997",,02777,2777,41.75,-71.18,,"$77,434 ",02777,41.75,-71.18
223,"$77,411 ","01330 / 1,596",,01330,1330,42.53,-72.78,,"$77,411 ",01330,42.53,-72.78
224,"$77,404 ","01923 / 26,963",,01923,1923,42.57,-70.95,,"$77,404 ",01923,42.57,-70.95
225,"$76,979 ","01542 / 1,747",,01542,1542,42.2,-71.9,,"$76,979 ",01542,42.2,-71.9
226,"$76,925 ","02360 / 57,275",,02360,2360,41.95,-70.66,,"$76,925 ",02360,41.95,-70.66
227,"$76,879 ","01826 / 30,315",,01826,1826,42.68,-71.3,,"$76,879 ",01826,42.68,-71.3
228,"$76,607 ","02738 / 4,935",,02738,2738,41.7,-70.76,,"$76,607 ",02738,41.7,-70.76
229,"$76,494 ","02382 / 14,643",,02382,2382,42.08,-70.93,,"$76,494 ",02382,42.08,-70.93
230,"$76,463 ","01913 / 16,554",,01913,1913,42.85,-70.92,,"$76,463 ",01913,42.85,-70.92
231,"$76,346 ","01237 / 2,735",,01237,1237,42.51,-73.22,,"$76,346 ",01237,42.51,-73.22
232,"$76,218 ","02180 / 21,611",,02180,2180,42.47,-71.09,,"$76,218 ",02180,42.47,-71.09
233,"$76,141 ","01906 / 27,369",,01906,1906,42.46,-71.01,,"$76,141 ",01906,42.46,-71.01
234,"$75,995 ","01952 / 8,495",,01952,1952,42.83,-70.84,,"$75,995 ",01952,42.83,-70.84
235,"$75,776 ","01354 / 1,573",,01354,1354,42.62,-72.51,,"$75,776 ",01354,42.62,-72.51
236,"$75,727 ","02346 / 23,541",,02346,2346,41.86,-70.9,,"$75,727 ",02346,41.86,-70.9
237,"$75,658 ","02140 / 17,894",,02140,2140,42.39,-71.13,,"$75,658 ",02140,42.39,-71.13
238,"$75,657 ","02726 / 15,633",,02726,2726,41.73,-71.15,,"$75,657 ",02726,41.73,-71.15
239,"$75,183 ","01537 / 2,392",,01537,1537,42.16,-71.88,,"$75,183 ",01537,42.16,-71.88
240,"$75,000 ",01355 / 981,,01355,1355,42.5,-72.33,,"$75,000 ",01355,42.5,-72.33
241,"$74,963 ","01128 / 2,568",,01128,1128,42.09,-72.49,,"$74,963 ",01128,42.09,-72.49
242,"$74,737 ","01035 / 5,285",,01035,1035,42.35,-72.58,,"$74,737 ",01035,42.35,-72.58
243,"$74,695 ","01863 / 8,913",,01863,1863,42.63,-71.39,,"$74,695 ",01863,42.63,-71.39
244,"$74,688 ","02072 / 27,833",,02072,2072,42.11,-71.1,,"$74,688 ",02072,42.11,-71.1
244,"$74,688 ","01071 / 1,361",,01071,1071,42.18,-72.85,,"$74,688 ",01071,42.18,-72.85
246,"$74,289 ","02452 / 15,495",,02452,2452,42.39,-71.22,,"$74,289 ",02452,42.39,-71.22
247,"$74,242 ","02771 / 14,131",,02771,2771,41.81,-71.33,,"$74,242 ",02771,41.81,-71.33
248,"$74,221 ","01007 / 14,774",,01007,1007,42.27,-72.4,,"$74,221 ",01007,42.27,-72.4
249,"$74,167 ","01267 / 7,906",,01267,1267,42.7,-73.2,,"$74,167 ",01267,42.7,-73.2
250,"$74,156 ","01835 / 13,217",,01835,1835,42.75,-71.09,,"$74,156 ",01835,42.75,-71.09
251,"$74,082 ","01749 / 19,464",,01749,1749,42.39,-71.56,,"$74,082 ",01749,42.39,-71.56
252,"$73,980 ","01915 / 40,370",,01915,1915,42.57,-70.87,,"$73,980 ",01915,42.57,-70.87
253,"$73,843 ","02575 / 2,727",,02575,2575,41.38,-70.67,,"$73,843 ",02575,41.38,-70.67
254,"$73,819 ","02139 / 35,783",,02139,2139,42.37,-71.11,,"$73,819 ",02139,42.37,-71.11
255,"$73,750 ",01243 / 383,,01243,1243,42.35,-73.01,,"$73,750 ",01243,42.35,-73.01
256,"$73,474 ","01583 / 7,687",,01583,1583,42.36,-71.78,,"$73,474 ",01583,42.36,-71.78
257,"$73,105 ","01501 / 16,136",,01501,1501,42.2,-71.83,,"$73,105 ",01501,42.2,-71.83
258,"$72,917 ","01366 / 1,355",,01366,1366,42.48,-72.18,,"$72,917 ",01366,42.48,-72.18
259,"$72,804 ","02330 / 11,541",,02330,2330,41.88,-70.76,,"$72,804 ",02330,41.88,-70.76
260,"$72,699 ","01504 / 9,055",,01504,1504,42.04,-71.53,,"$72,699 ",01504,42.04,-71.53
261,"$72,638 ","02171 / 18,194",,02171,2171,42.29,-71.02,,"$72,638 ",02171,42.29,-71.02
262,"$72,472 ","02127 / 34,732",,02127,2127,42.33,-71.04,,"$72,472 ",02127,42.33,-71.04
263,"$72,292 ","01536 / 7,138",,01536,1536,42.23,-71.69,,"$72,292 ",01536,42.23,-71.69
264,"$72,198 ",02791 / 127,,02791,2791,41.52,-71.07,,"$72,198 ",02791,41.52,-71.07
265,"$72,069 ",02534 / 988,,02534,2534,41.66,-70.61,,"$72,069 ",02534,41.66,-70.61
266,"$71,979 ","01008 / 1,212",,01008,1008,42.18,-72.93,,"$71,979 ",01008,42.18,-72.93
267,"$71,691 ",01338 / 209,,01338,1338,42.57,-72.82,,"$71,691 ",01338,42.57,-72.82
268,"$71,676 ","01527 / 13,350",,01527,1527,42.19,-71.76,,"$71,676 ",01527,42.19,-71.76
269,"$71,674 ","02747 / 22,790",,02747,2747,41.64,-71,,"$71,674 ",02747,41.64,-71
270,"$71,587 ","01351 / 2,167",,01351,1351,42.53,-72.53,,"$71,587 ",01351,42.53,-72.53
271,"$71,500 ","01098 / 1,095",,01098,1098,42.41,-72.93,,"$71,500 ",01098,42.41,-72.93
272,"$71,424 ","01752 / 39,141",,01752,1752,42.34,-71.54,,"$71,424 ",01752,42.34,-71.54
273,"$71,067 ","02648 / 6,454",,02648,2648,41.67,-70.4,,"$71,067 ",02648,41.67,-70.4
274,"$71,055 ","01462 / 10,797",,01462,1462,42.59,-71.72,,"$71,055 ",01462,42.59,-71.72
275,"$71,020 ","01515 / 2,263",,01515,1515,42.22,-72.04,,"$71,020 ",01515,42.22,-72.04
276,"$70,455 ","01468 / 3,682",,01468,1468,42.55,-72.06,,"$70,455 ",01468,42.55,-72.06
277,"$70,438 ","01096 / 2,522",,01096,1096,42.4,-72.76,,"$70,438 ",01096,42.4,-72.76
278,"$70,414 ","02188 / 14,642",,02188,2188,42.2,-70.96,,"$70,414 ",02188,42.2,-70.96
279,"$70,313 ","01436 / 3,931",,01436,1436,42.6,-72.07,,"$70,313 ",01436,42.6,-72.07
280,"$70,288 ","01966 / 7,078",,01966,1966,42.64,-70.61,,"$70,288 ",01966,42.64,-70.61
281,"$70,096 ","02646 / 1,782",,02646,2646,41.67,-70.07,,"$70,096 ",02646,41.67,-70.07
282,"$69,917 ","02338 / 7,629",,02338,2338,41.98,-70.86,,"$69,917 ",02338,41.98,-70.86
283,"$69,444 ",01270 / 766,,01270,1270,42.51,-73.04,,"$69,444 ",01270,42.51,-73.04
284,"$69,398 ","02113 / 7,360",,02113,2113,42.37,-71.06,,"$69,398 ",02113,42.37,-71.06
285,"$69,180 ","02743 / 10,339",,02743,2743,41.68,-70.9,,"$69,180 ",02743,41.68,-70.9
286,"$69,115 ","02645 / 9,668",,02645,2645,41.69,-70.07,,"$69,115 ",02645,41.69,-70.07
287,"$68,990 ","02635 / 3,282",,02635,2635,41.62,-70.44,,"$68,990 ",02635,41.62,-70.44
288,"$68,965 ","02655 / 3,616",,02655,2655,41.62,-70.38,,"$68,965 ",02655,41.62,-70.38
289,"$68,784 ","01757 / 28,391",,01757,1757,42.14,-71.51,,"$68,784 ",01757,42.14,-71.51
290,"$68,693 ","01073 / 5,958",,01073,1073,42.23,-72.73,,"$68,693 ",01073,42.23,-72.73
291,"$68,587 ","01844 / 48,159",,01844,1844,42.74,-71.18,,"$68,587 ",01844,42.74,-71.18
292,"$68,500 ","01039 / 1,354",,01039,1039,42.39,-72.7,,"$68,500 ",01039,42.39,-72.7
293,"$68,446 ","02650 / 1,190",,02650,2650,41.7,-69.95,,"$68,446 ",02650,41.7,-69.95
294,"$68,361 ","01005 / 5,113",,01005,1005,42.42,-72.1,,"$68,361 ",01005,42.42,-72.1
295,"$68,326 ","01030 / 11,485",,01030,1030,42.06,-72.67,,"$68,326 ",01030,42.06,-72.67
296,"$68,203 ","01072 / 1,482",,01072,1072,42.45,-72.4,,"$68,203 ",01072,42.45,-72.4
297,"$68,053 ","01571 / 11,633",,01571,1571,42.05,-71.93,,"$68,053 ",01571,42.05,-71.93
298,"$67,759 ","02559 / 4,174",,02559,2559,41.69,-70.63,,"$67,759 ",02559,41.69,-70.63
299,"$67,721 ","02453 / 28,959",,02453,2453,42.37,-71.24,,"$67,721 ",02453,42.37,-71.24
300,"$67,465 ","01373 / 4,406",,01373,1373,42.47,-72.59,,"$67,465 ",01373,42.47,-72.59
301,"$67,461 ","02143 / 25,915",,02143,2143,42.38,-71.1,,"$67,461 ",02143,42.38,-71.1
302,"$67,126 ","01540 / 11,219",,01540,1540,42.11,-71.87,,"$67,126 ",01540,42.11,-71.87
303,"$67,015 ","02191 / 8,378",,02191,2191,42.24,-70.94,,"$67,015 ",02191,42.24,-70.94
304,"$66,875 ","02535 / 1,268",,02535,2535,41.34,-70.74,,"$66,875 ",02535,41.34,-70.74
305,"$66,860 ","02370 / 17,616",,02370,2370,42.13,-70.91,,"$66,860 ",02370,42.13,-70.91
306,"$66,701 ","02141 / 13,344",,02141,2141,42.37,-71.08,,"$66,701 ",02141,42.37,-71.08
307,"$66,630 ","01432 / 7,337",,01432,1432,42.56,-71.58,,"$66,630 ",01432,42.56,-71.58
308,"$66,591 ","01588 / 9,569",,01588,1588,42.11,-71.67,,"$66,591 ",01588,42.11,-71.67
309,"$66,579 ","02562 / 3,128",,02562,2562,41.79,-70.53,,"$66,579 ",02562,41.79,-70.53
310,"$66,453 ","01464 / 7,404",,01464,1464,42.54,-71.65,,"$66,453 ",01464,42.54,-71.65
311,"$66,411 ","01606 / 19,043",,01606,1606,42.32,-71.8,,"$66,411 ",01606,42.32,-71.8
312,"$66,389 ","02631 / 9,736",,02631,2631,41.76,-70.08,,"$66,389 ",02631,41.76,-70.08
313,"$66,343 ","01057 / 8,645",,01057,1057,42.09,-72.31,,"$66,343 ",01057,42.09,-72.31
314,"$66,250 ",01253 / 683,,01253,1253,42.21,-73.11,,"$66,250 ",01253,42.21,-73.11
315,"$66,064 ","02675 / 6,345",,02675,2675,41.7,-70.22,,"$66,064 ",02675,41.7,-70.22
316,"$65,768 ","02649 / 13,988",,02649,2649,41.65,-70.48,,"$65,768 ",02649,41.65,-70.48
317,"$65,536 ","01038 / 2,837",,01038,1038,42.37,-72.6,,"$65,536 ",01038,42.37,-72.6
318,"$65,324 ","01011 / 1,478",,01011,1011,42.28,-72.98,,"$65,324 ",01011,42.28,-72.98
319,"$65,231 ","01118 / 14,192",,01118,1118,42.09,-72.53,,"$65,231 ",01118,42.09,-72.53
320,"$65,225 ","01524 / 7,103",,01524,1524,42.25,-71.9,,"$65,225 ",01524,42.25,-71.9
321,"$65,141 ","02703 / 43,774",,02703,2703,41.93,-71.29,,"$65,141 ",02703,41.93,-71.29
322,"$65,083 ","01908 / 3,451",,01908,1908,42.43,-70.93,,"$65,083 ",01908,42.43,-70.93
323,"$65,033 ","01223 / 2,336",,01223,1223,42.33,-73.07,,"$65,033 ",01223,42.33,-73.07
324,"$65,000 ",01032 / 585,,01032,1032,42.46,-72.81,,"$65,000 ",01032,42.46,-72.81
325,"$64,868 ","01521 / 2,491",,01521,1521,42.05,-72.15,,"$64,868 ",01521,42.05,-72.15
326,"$64,867 ","01510 / 13,675",,01510,1510,42.41,-71.68,,"$64,867 ",01510,42.41,-71.68
327,"$64,808 ","02748 / 12,160",,02748,2748,41.55,-70.98,,"$64,808 ",02748,41.55,-70.98
328,"$64,727 ","01062 / 10,830",,01062,1062,42.32,-72.67,,"$64,727 ",01062,42.32,-72.67
329,"$64,598 ","01611 / 2,458",,01611,1611,42.23,-71.87,,"$64,598 ",01611,42.23,-71.87
330,"$64,507 ","01235 / 2,904",,01235,1235,42.42,-73.07,,"$64,507 ",01235,42.42,-73.07
331,"$64,286 ","02632 / 11,294",,02632,2632,41.66,-70.34,,"$64,286 ",02632,41.66,-70.34
332,"$64,250 ",01258 / 334,,01258,1258,42.11,-73.46,,"$64,250 ",01258,42.11,-73.46
333,"$64,169 ","02152 / 17,992",,02152,2152,42.37,-70.98,,"$64,169 ",02152,42.37,-70.98
334,"$63,889 ","01506 / 3,396",,01506,1506,42.21,-72.1,,"$63,889 ",01506,42.21,-72.1
335,"$63,876 ","02131 / 31,733",,02131,2131,42.28,-71.13,,"$63,876 ",02131,42.28,-71.13
336,"$63,828 ",02543 / 806,,02543,2543,41.52,-70.66,,"$63,828 ",02543,41.52,-70.66
337,"$63,325 ","02368 / 33,265",,02368,2368,42.17,-71.05,,"$63,325 ",02368,42.17,-71.05
338,"$63,201 ","02170 / 19,318",,02170,2170,42.27,-71.02,,"$63,201 ",02170,42.27,-71.02
339,"$62,924 ","02536 / 19,060",,02536,2536,41.56,-70.55,,"$62,924 ",02536,41.56,-70.55
340,"$62,917 ","01236 / 1,574",,01236,1236,42.27,-73.38,,"$62,917 ",01236,42.27,-73.38
341,"$62,909 ","02343 / 10,795",,02343,2343,42.14,-71,,"$62,909 ",02343,42.14,-71
342,"$62,888 ","01602 / 24,228",,01602,1602,42.27,-71.85,,"$62,888 ",01602,42.27,-71.85
343,"$62,408 ","01075 / 17,832",,01075,1075,42.26,-72.56,,"$62,408 ",01075,42.26,-72.56
344,"$62,280 ","01129 / 7,160",,01129,1129,42.12,-72.49,,"$62,280 ",01129,42.12,-72.49
345,"$62,208 ","02118 / 27,534",,02118,2118,42.34,-71.07,,"$62,208 ",02118,42.34,-71.07
346,"$62,137 ","01960 / 51,597",,01960,1960,42.53,-70.97,,"$62,137 ",01960,42.53,-70.97
347,"$62,091 ","02642 / 4,903",,02642,2642,41.83,-69.96,,"$62,091 ",02642,41.83,-69.96
348,"$62,037 ","01337 / 2,576",,01337,1337,42.66,-72.55,,"$62,037 ",01337,42.66,-72.55
349,"$61,875 ","02725 / 2,629",,02725,2725,41.72,-71.19,,"$61,875 ",02725,41.72,-71.19
350,"$61,803 ",01438 / 464,,01438,1438,42.56,-72.03,,"$61,803 ",01438,42.56,-72.03
351,"$61,713 ","02630 / 2,265",,02630,2630,41.7,-70.3,,"$61,713 ",02630,41.7,-70.3
352,"$61,500 ",01259 / 540,,01259,1259,42.07,-73.23,,"$61,500 ",01259,42.07,-73.23
353,"$61,492 ","01238 / 6,245",,01238,1238,42.3,-73.25,,"$61,492 ",01238,42.3,-73.25
354,"$61,417 ","02540 / 8,710",,02540,2540,41.56,-70.62,,"$61,417 ",02540,41.56,-70.62
355,"$61,410 ","01056 / 21,288",,01056,1056,42.16,-72.48,,"$61,410 ",01056,42.16,-72.48
356,"$61,408 ",02666 / 743,,02666,2666,42,-70.06,,"$61,408 ",02666,42,-70.06
357,"$61,325 ","02532 / 11,857",,02532,2532,41.75,-70.61,,"$61,325 ",02532,41.75,-70.61
358,"$61,211 ","01085 / 41,121",,01085,1085,42.13,-72.75,,"$61,211 ",01085,42.13,-72.75
359,"$61,101 ","02136 / 30,207",,02136,2136,42.26,-71.13,,"$61,101 ",02136,42.26,-71.13
360,"$60,943 ","01562 / 11,746",,01562,1562,42.24,-71.99,,"$60,943 ",01562,42.24,-71.99
361,"$60,775 ","01001 / 17,141",,01001,1001,42.06,-72.61,,"$60,775 ",01001,42.06,-72.61
361,"$60,775 ","02169 / 55,408",,02169,2169,42.26,-71,,"$60,775 ",02169,42.26,-71
363,"$60,721 ","01360 / 3,031",,01360,1360,42.7,-72.43,,"$60,721 ",01360,42.7,-72.43
364,"$60,625 ","02638 / 3,557",,02638,2638,41.73,-70.2,,"$60,625 ",02638,41.73,-70.2
365,"$60,568 ","01368 / 1,230",,01368,1368,42.68,-72.18,,"$60,568 ",01368,42.68,-72.18
366,"$60,537 ","02189 / 15,128",,02189,2189,42.2,-70.94,,"$60,537 ",02189,42.2,-70.94
367,"$60,521 ","01585 / 4,705",,01585,1585,42.23,-72.14,,"$60,521 ",01585,42.23,-72.14
368,"$60,445 ","02719 / 15,971",,02719,2719,41.63,-70.9,,"$60,445 ",02719,41.63,-70.9
369,"$60,353 ","01022 / 2,711",,01022,1022,42.2,-72.54,,"$60,353 ",01022,42.2,-72.54
370,"$60,351 ","01832 / 22,137",,01832,1832,42.79,-71.13,,"$60,351 ",01832,42.79,-71.13
371,"$60,229 ","01930 / 29,237",,01930,1930,42.62,-70.66,,"$60,229 ",01930,42.62,-70.66
372,"$60,171 ","02302 / 34,992",,02302,2302,42.09,-71,,"$60,171 ",02302,42.09,-71
373,"$59,850 ","01053 / 1,847",,01053,1053,42.35,-72.71,,"$59,850 ",01053,42.35,-72.71
374,"$59,722 ","01344 / 1,557",,01344,1344,42.6,-72.4,,"$59,722 ",01344,42.6,-72.4
375,"$59,545 ","02633 / 3,846",,02633,2633,41.67,-69.96,,"$59,545 ",02633,41.67,-69.96
376,"$59,332 ","01475 / 10,466",,01475,1475,42.68,-72.04,,"$59,332 ",01475,42.68,-72.04
377,"$59,248 ","01453 / 40,978",,01453,1453,42.51,-71.77,,"$59,248 ",01453,42.51,-71.77
378,"$58,937 ","01970 / 42,151",,01970,1970,42.51,-70.9,,"$58,937 ",01970,42.51,-70.9
379,"$58,906 ",01346 / 466,,01346,1346,42.66,-72.83,,"$58,906 ",01346,42.66,-72.83
380,"$58,814 ","02538 / 3,294",,02538,2538,41.78,-70.65,,"$58,814 ",02538,41.78,-70.65
381,"$58,551 ","01027 / 17,652",,01027,1027,42.26,-72.68,,"$58,551 ",01027,42.26,-72.68
382,"$58,438 ","01535 / 4,715",,01535,1535,42.27,-72.08,,"$58,438 ",01535,42.27,-72.08
383,"$58,140 ",01074 / 301,,01074,1074,42.39,-72.09,,"$58,140 ",01074,42.39,-72.09
384,"$58,015 ","02653 / 5,978",,02653,2653,41.79,-70,,"$58,015 ",02653,41.79,-70
385,"$58,007 ","01225 / 3,057",,01225,1225,42.55,-73.15,,"$58,007 ",01225,42.55,-73.15
386,"$57,750 ","02571 / 10,490",,02571,2571,41.76,-70.71,,"$57,750 ",02571,41.76,-70.71
387,"$57,222 ",01256 / 703,,01256,1256,42.56,-73.02,,"$57,222 ",01256,42.56,-73.02
388,"$57,094 ","02673 / 8,574",,02673,2673,41.65,-70.24,,"$57,094 ",02673,41.65,-70.24
389,"$57,031 ",01070 / 580,,01070,1070,42.51,-72.91,,"$57,031 ",01070,42.51,-72.91
390,"$56,911 ","02539 / 4,186",,02539,2539,41.38,-70.53,,"$56,911 ",02539,41.38,-70.53
391,"$56,250 ",01255 / 896,,01255,1255,42.11,-73.13,,"$56,250 ",01255,42.11,-73.13
392,"$56,146 ",01012 / 499,,01012,1012,42.4,-72.85,,"$56,146 ",01012,42.4,-72.85
393,"$56,000 ","02670 / 1,243",,02670,2670,41.66,-70.16,,"$56,000 ",02670,41.66,-70.16
394,"$55,774 ","02145 / 24,807",,02145,2145,42.39,-71.1,,"$55,774 ",02145,42.39,-71.1
395,"$55,407 ","02148 / 60,293",,02148,2148,42.43,-71.05,,"$55,407 ",02148,42.43,-71.05
396,"$55,333 ",01242 / 192,,01242,1242,42.33,-73.25,,"$55,333 ",01242,42.33,-73.25
397,"$55,278 ",01378 / 690,,01378,1378,42.68,-72.33,,"$55,278 ",01378,42.68,-72.33
398,"$55,237 ","01830 / 26,415",,01830,1830,42.78,-71.08,,"$55,237 ",01830,42.78,-71.08
399,"$55,082 ","01002 / 29,844",,01002,1002,42.37,-72.52,,"$55,082 ",01002,42.37,-72.52
400,"$54,727 ",01349 / 888,,01349,1349,42.56,-72.48,,"$54,727 ",01349,42.56,-72.48
401,"$54,412 ","01069 / 8,982",,01069,1069,42.16,-72.32,,"$54,412 ",01069,42.16,-72.32
402,"$53,833 ",01245 / 807,,01245,1245,42.18,-73.21,,"$53,833 ",01245,42.18,-73.21
403,"$53,576 ","02122 / 25,613",,02122,2122,42.29,-71.04,,"$53,576 ",02122,42.29,-71.04
404,"$53,427 ","01060 / 15,348",,01060,1060,42.32,-72.63,,"$53,427 ",01060,42.32,-72.63
405,"$53,300 ","01370 / 4,143",,01370,1370,42.6,-72.74,,"$53,300 ",01370,42.6,-72.74
406,"$53,180 ","01230 / 8,148",,01230,1230,42.19,-73.35,,"$53,180 ",01230,42.19,-73.35
407,"$52,813 ","01050 / 2,512",,01050,1050,42.23,-72.88,,"$52,813 ",01050,42.23,-72.88
408,"$52,806 ","01089 / 28,554",,01089,1089,42.12,-72.65,,"$52,806 ",01089,42.12,-72.65
409,"$52,768 ","01081 / 1,807",,01081,1081,42.06,-72.21,,"$52,768 ",01081,42.06,-72.21
410,"$52,709 ","01082 / 10,394",,01082,1082,42.25,-72.24,,"$52,709 ",01082,42.25,-72.24
411,"$52,566 ",01029 / 701,,01029,1029,42.17,-73.03,,"$52,566 ",01029,42.17,-73.03
412,"$52,428 ","01702 / 38,180",,01702,1702,42.28,-71.44,,"$52,428 ",01702,42.28,-71.44
413,"$52,236 ","01020 / 30,593",,01020,1020,42.17,-72.57,,"$52,236 ",01020,42.17,-72.57
414,"$52,031 ","01851 / 30,379",,01851,1851,42.63,-71.32,,"$52,031 ",01851,42.63,-71.32
415,"$51,908 ","01339 / 1,514",,01339,1339,42.63,-72.88,,"$51,908 ",01339,42.63,-72.88
416,"$51,631 ","02660 / 6,393",,02660,2660,41.7,-70.15,,"$51,631 ",02660,41.7,-70.15
417,"$51,556 ","01850 / 16,198",,01850,1850,42.66,-71.3,,"$51,556 ",01850,42.66,-71.3
418,"$51,396 ","01240 / 4,823",,01240,1240,42.35,-73.28,,"$51,396 ",01240,42.35,-73.28
419,"$51,213 ","01026 / 1,009",,01026,1026,42.46,-72.9,,"$51,213 ",01026,42.46,-72.9
420,"$51,133 ","02149 / 42,717",,02149,2149,42.4,-71.05,,"$51,133 ",02149,42.4,-71.05
421,"$51,002 ","01331 / 13,264",,01331,1331,42.59,-72.23,,"$51,002 ",01331,42.59,-72.23
422,"$50,897 ",02659 / 806,,02659,2659,41.68,-70.02,,"$50,897 ",02659,41.68,-70.02
423,"$50,881 ","02151 / 53,268",,02151,2151,42.41,-70.99,,"$50,881 ",02151,42.41,-70.99
424,"$50,783 ","02111 / 7,505",,02111,2111,42.35,-71.06,,"$50,783 ",02111,42.35,-71.06
425,"$50,561 ","02664 / 9,342",,02664,2664,41.67,-70.2,,"$50,561 ",02664,41.67,-70.2
426,"$50,417 ","01375 / 3,683",,01375,1375,42.46,-72.58,,"$50,417 ",01375,42.46,-72.58
427,"$50,336 ","02128 / 44,512",,02128,2128,42.36,-71.01,,"$50,336 ",02128,42.36,-71.01
428,"$50,307 ","02780 / 49,456",,02780,2780,41.9,-71.09,,"$50,307 ",02780,41.9,-71.09
429,"$49,886 ",01084 / 211,,01084,1084,42.39,-72.88,,"$49,886 ",01084,42.39,-72.88
430,"$49,792 ",01367 / 569,,01367,1367,42.7,-72.9,,"$49,792 ",01367,42.7,-72.9
431,"$49,640 ","02745 / 24,641",,02745,2745,41.7,-70.95,,"$49,640 ",02745,41.7,-70.95
432,"$48,775 ","02150 / 37,074",,02150,2150,42.39,-71.03,,"$48,775 ",02150,42.39,-71.03
433,"$48,690 ","01852 / 32,735",,01852,1852,42.63,-71.3,,"$48,690 ",01852,42.63,-71.3
434,"$48,679 ","01092 / 1,078",,01092,1092,42.19,-72.24,,"$48,679 ",01092,42.19,-72.24
435,"$48,676 ","01518 / 2,418",,01518,1518,42.12,-72.11,,"$48,676 ",01518,42.12,-72.11
436,"$48,650 ","01570 / 16,806",,01570,1570,42.04,-71.87,,"$48,650 ",01570,42.04,-71.87
437,"$48,646 ","02163 / 2,208",,02163,2163,42.37,-71.12,,"$48,646 ",02163,42.37,-71.12
438,"$48,612 ","01301 / 17,731",,01301,1301,42.58,-72.59,,"$48,612 ",01301,42.58,-72.59
439,"$48,320 ","01226 / 6,944",,01226,1226,42.47,-73.16,,"$48,320 ",01226,42.47,-73.16
440,"$47,865 ","01604 / 34,628",,01604,1604,42.25,-71.77,,"$47,865 ",01604,42.25,-71.77
441,"$47,694 ","01905 / 25,269",,01905,1905,42.47,-70.98,,"$47,694 ",01905,42.47,-70.98
442,"$47,417 ","01119 / 13,942",,01119,1119,42.12,-72.51,,"$47,417 ",01119,42.12,-72.51
443,"$47,297 ","02124 / 51,544",,02124,2124,42.29,-71.07,,"$47,297 ",02124,42.29,-71.07
444,"$47,250 ","01262 / 1,337",,01262,1262,42.3,-73.32,,"$47,250 ",01262,42.3,-73.32
444,"$47,250 ",01260 / 246,,01260,1260,42.3,-73.34,,"$47,250 ",01260,42.3,-73.34
446,"$47,238 ",01525 / 152,,01525,1525,42.11,-71.63,,"$47,238 ",01525,42.11,-71.63
447,"$47,039 ",02652 / 995,,02652,2652,42.04,-70.09,,"$47,039 ",02652,42.04,-70.09
448,"$46,917 ","01257 / 2,140",,01257,1257,42.1,-73.34,,"$46,917 ",01257,42.1,-73.34
449,"$46,858 ","02135 / 36,486",,02135,2135,42.35,-71.15,,"$46,858 ",02135,42.35,-71.15
450,"$46,628 ","01420 / 40,419",,01420,1420,42.58,-71.81,,"$46,628 ",01420,42.58,-71.81
451,"$46,464 ","01440 / 20,293",,01440,1440,42.58,-71.98,,"$46,464 ",01440,42.58,-71.98
452,"$46,429 ",02663 / 83,,02663,2663,41.89,-70.01,,"$46,429 ",02663,41.89,-70.01
453,"$46,367 ","01603 / 20,380",,01603,1603,42.24,-71.84,,"$46,367 ",01603,42.24,-71.84
454,"$46,210 ","01340 / 1,686",,01340,1340,42.66,-72.68,,"$46,210 ",01340,42.66,-72.68
455,"$45,970 ","02542 / 1,069",,02542,2542,41.71,-70.55,,"$45,970 ",02542,41.71,-70.55
456,"$45,581 ","02125 / 33,937",,02125,2125,42.32,-71.06,,"$45,581 ",02125,42.32,-71.06
457,"$45,547 ","02667 / 2,928",,02667,2667,41.93,-70.03,,"$45,547 ",02667,41.93,-70.03
458,"$44,792 ","02126 / 28,279",,02126,2126,42.27,-71.1,,"$44,792 ",02126,42.27,-71.1
459,"$44,120 ","01201 / 45,557",,01201,1201,42.45,-73.26,,"$44,120 ",01201,42.45,-73.26
460,"$43,920 ","01843 / 25,440",,01843,1843,42.7,-71.16,,"$43,920 ",01843,42.7,-71.16
461,"$43,900 ","02558 / 1,538",,02558,2558,41.74,-70.66,,"$43,900 ",02558,41.74,-70.66
462,"$43,694 ","02301 / 59,275",,02301,2301,42.08,-71.02,,"$43,694 ",02301,42.08,-71.02
463,"$43,654 ",01079 / 542,,01079,1079,42.2,-72.33,,"$43,654 ",01079,42.2,-72.33
464,"$43,583 ","01031 / 1,389",,01031,1031,42.33,-72.2,,"$43,583 ",01031,42.33,-72.2
465,"$42,974 ",02671 / 755,,02671,2671,41.67,-70.11,,"$42,974 ",02671,41.67,-70.11
466,"$42,948 ","01854 / 29,214",,01854,1854,42.65,-71.35,,"$42,948 ",01854,42.65,-71.35
467,"$42,794 ","01080 / 2,176",,01080,1080,42.18,-72.37,,"$42,794 ",01080,42.18,-72.37
468,"$42,727 ","02568 / 4,036",,02568,2568,41.45,-70.6,,"$42,727 ",02568,41.45,-70.6
469,"$42,397 ","01607 / 8,991",,01607,1607,42.23,-71.79,,"$42,397 ",01607,42.23,-71.79
470,"$42,376 ","01550 / 16,775",,01550,1550,42.08,-72.03,,"$42,376 ",01550,42.08,-72.03
471,"$42,341 ",02553 / 191,,02553,2553,41.71,-70.62,,"$42,341 ",02553,41.71,-70.62
472,"$41,994 ","01364 / 7,932",,01364,1364,42.59,-72.3,,"$41,994 ",01364,42.59,-72.3
473,"$41,950 ","01220 / 8,536",,01220,1220,42.62,-73.11,,"$41,950 ",01220,42.62,-73.11
474,"$41,875 ",01088 / 446,,01088,1088,42.39,-72.64,,"$41,875 ",01088,42.39,-72.64
475,"$41,647 ","01609 / 20,948",,01609,1609,42.29,-71.83,,"$41,647 ",01609,42.29,-71.83
476,"$41,576 ","02720 / 31,091",,02720,2720,41.73,-71.12,,"$41,576 ",02720,41.73,-71.12
477,"$41,342 ","01013 / 22,299",,01013,1013,42.15,-72.6,,"$41,342 ",01013,42.15,-72.6
478,"$41,250 ","02657 / 2,959",,02657,2657,42.06,-70.2,,"$41,250 ",02657,42.06,-70.2
478,"$41,250 ","01376 / 5,511",,01376,1376,42.59,-72.55,,"$41,250 ",01376,42.59,-72.55
480,"$40,929 ",01009 / 546,,01009,1009,42.2,-72.34,,"$40,929 ",01009,42.2,-72.34
481,"$40,556 ",01097 / 36,,01097,1097,42.18,-72.83,,"$40,556 ",01097,42.18,-72.83
482,"$40,385 ","02601 / 14,252",,02601,2601,41.65,-70.29,,"$40,385 ",02601,41.65,-70.29
483,"$40,142 ","02639 / 2,698",,02639,2639,41.66,-70.13,,"$40,142 ",02639,41.66,-70.13
484,"$39,636 ","01247 / 15,859",,01247,1247,42.68,-73.11,,"$39,636 ",01247,42.68,-73.11
485,"$38,750 ",01379 / 873,,01379,1379,42.55,-72.4,,"$38,750 ",01379,42.55,-72.4
486,"$38,507 ","02134 / 18,277",,02134,2134,42.35,-71.13,,"$38,507 ",02134,42.35,-71.13
487,"$38,000 ",01347 / 128,,01347,1347,42.56,-72.52,,"$38,000 ",01347,42.56,-72.52
488,"$37,786 ","01902 / 46,119",,01902,1902,42.47,-70.94,,"$37,786 ",01902,42.47,-70.94
489,"$37,126 ","01083 / 3,108",,01083,1083,42.21,-72.19,,"$37,126 ",01083,42.21,-72.19
490,"$37,112 ",01224 / 242,,01224,1224,42.51,-73.2,,"$37,112 ",01224,42.51,-73.2
491,"$36,719 ","02215 / 24,046",,02215,2215,42.35,-71.1,,"$36,719 ",02215,42.35,-71.1
492,"$36,497 ","01605 / 27,387",,01605,1605,42.29,-71.79,,"$36,497 ",01605,42.29,-71.79
493,"$35,550 ","01040 / 40,079",,01040,1040,42.21,-72.64,,"$35,550 ",01040,42.21,-72.64
494,"$35,238 ","01108 / 26,670",,01108,1108,42.08,-72.56,,"$35,238 ",01108,42.08,-72.56
495,"$35,174 ","02740 / 43,513",,02740,2740,41.64,-70.94,,"$35,174 ",02740,41.64,-70.94
496,"$34,280 ","01151 / 9,581",,01151,1151,42.15,-72.51,,"$34,280 ",01151,42.15,-72.51
497,"$34,250 ",01229 / 131,,01229,1229,42.28,-73.34,,"$34,250 ",01229,42.28,-73.34
498,"$32,828 ","02120 / 15,073",,02120,2120,42.33,-71.1,,"$32,828 ",02120,42.33,-71.1
499,"$32,644 ","01109 / 30,987",,01109,1109,42.11,-72.53,,"$32,644 ",01109,42.11,-72.53
500,"$32,500 ",02713 / 78,,02713,2713,41.44,-70.9,,"$32,500 ",02713,41.44,-70.9
501,"$32,367 ","01841 / 47,125",,01841,1841,42.71,-71.16,,"$32,367 ",01841,42.71,-71.16
502,"$32,083 ",01350 / 118,,01350,1350,42.72,-72.98,,"$32,083 ",01350,42.72,-72.98
503,"$31,255 ","02723 / 14,403",,02723,2723,41.69,-71.13,,"$31,255 ",02723,41.69,-71.13
504,"$31,136 ","01610 / 23,885",,01610,1610,42.25,-71.81,,"$31,136 ",01610,42.25,-71.81
505,"$30,743 ","02721 / 25,557",,02721,2721,41.68,-71.15,,"$30,743 ",02721,41.68,-71.15
506,"$29,663 ","02744 / 11,589",,02744,2744,41.61,-70.91,,"$29,663 ",02744,41.61,-70.91
507,"$29,184 ","01104 / 22,285",,01104,1104,42.13,-72.57,,"$29,184 ",01104,42.13,-72.57
508,"$27,737 ","02724 / 16,882",,02724,2724,41.68,-71.18,,"$27,737 ",02724,41.68,-71.18
509,"$27,639 ",01244 / 149,,01244,1244,42.12,-73.26,,"$27,639 ",01244,42.12,-73.26
510,"$27,456 ","02115 / 29,465",,02115,2115,42.34,-71.1,,"$27,456 ",02115,42.34,-71.1
511,"$27,159 ","02119 / 25,734",,02119,2119,42.32,-71.09,,"$27,159 ",02119,42.32,-71.09
512,"$26,530 ","02121 / 27,459",,02121,2121,42.31,-71.09,,"$26,530 ",02121,42.31,-71.09
513,"$25,872 ","02746 / 14,755",,02746,2746,41.66,-70.93,,"$25,872 ",02746,41.66,-70.93
514,"$22,614 ","01901 / 1,807",,01901,1901,42.46,-70.95,,"$22,614 ",01901,42.46,-70.95
515,"$22,287 ","01107 / 11,706",,01107,1107,42.12,-72.61,,"$22,287 ",01107,42.12,-72.61
516,"$21,412 ","01608 / 3,351",,01608,1608,42.26,-71.8,,"$21,412 ",01608,42.26,-71.8
517,"$19,597 ",01561 / 155,,01561,1561,42.44,-71.69,,"$19,597 ",01561,42.44,-71.69
518,"$19,028 ",01094 / 310,,01094,1094,42.35,-72.14,,"$19,028 ",01094,42.35,-72.14
519,"$18,140 ","01840 / 4,799",,01840,1840,42.71,-71.16,,"$18,140 ",01840,42.71,-71.16
520,"$17,657 ","01105 / 12,054",,01105,1105,42.1,-72.58,,"$17,657 ",01105,42.1,-72.58
521,"$13,666 ","01103 / 2,472",,01103,1103,42.1,-72.59,,"$13,666 ",01103,42.1,-72.59
